"id","dtCreated","name","shortName","shortDescription","fee_id"
0,2014-01-01,"Motus Test Project","NO_PROJ","This project should be used to verify functional updates within the live database environment",9
1,2014-01-01,"Motus Ontario Array","MotusON","Array of ~100 towers maintained by Bird Studies Canada in support of all projects.",9
2,2014-01-01,"Motus Atlantic Array","MotusATL","Array of 50+ towers maintained by Bird Studies Canada in support of all projects.",1
3,2014-01-01,"EC-Quebec-St.Laurent","Quebec","Shorebird projects based along the St.Lawrence river.
PI: Yves Aubry (Environment Canada)",3
4,2015-01-01,"Region 4 USFWS  ","USFWS_R4","Motus stations operated by Region 4 USFWS National Wildlife Refuge System.",2
5,2014-01-01,"Available","Avail","This project is available.",NA
6,2016-01-01,"Panama Gateway ","Panama","Four towers across the canal zone of Panama maintained for all to benefit by Panama Audubon and Bird Studies Canada.",NA
7,2013-01-01,"Welch","Welch","Maine Coastal Islands National Wildlife Refuge has been tagging common and Arctic terns on a number of breeding colonies in Maine since 2012.",2
8,2013-01-01,"Holberton 2013-14","HolbSESA","In 2013-14, we tracked movements of ~ 75 Semipalmated Sandpipers in Downeast Maine to better understand stopover habitat use.",NA
9,2013-01-01,"Parker River/Great Bay Refuge","Pau","Bat, shorebird, and saltmarsh sparrows nanotag projects in northeast MA and southern NH.  Originally 3 towers at Parker River NWR, 2 at Great Bay NWR.",2
10,2013-01-01,"Taylor - receivers","Taylr","Receiver array as part of projects related to Dr. Phil Taylor",NA
11,2013-01-01,"Peterson","Peter","Migratory Bat pilot project in Maine.",NA
12,2013-01-01,"Smetzer","Smetzer","Red-eyed vireos and blackpoll warblers stopover and migration at Petit Manan Wildlife Refuge in Steuben Maine. ",NA
13,2013-01-01,"Semipalmated Sandpipers in the Bay of Fundy","SESA BOF","Semipalmated Shorebird stopover and migration ecology in the Bay of Fundy.",NA
14,2013-01-01,"Loring","Loring","Concurrent projects on tern and shorebird movements throughout the Atlantic Coast",2
15,2014-01-01,"Aubry","Aubry","Stopover and Migratory behaviour of migratory birds along the St.Lawrence River - Swainson's Thrush, Pine Siskin, as well as some shorebirds.",NA
16,2014-01-01,"Boyles","Boyles","Bat migration and ecology in the mid-west.",NA
17,2014-01-01,"Chapman","Chapman","Shoals_2014                    ",NA
18,2013-01-01,"Dossman_Ohio","Dossman","Migration, stopover ecology, and departure decisions of American Redstart, Magnolia and Myrtle warblers in north east Ohio.",NA
19,2015-01-01,"Dossman_Jamaica","Jamaica","Movement and space-use during the non-breeding season and migration.",1
20,2013-01-01,"Gugli","Gugli","A slough of projects dealing with migration and stopover ecology of migratory songbirds and bats at Long Point and throughout Canada.",1
21,2013-01-01,"Taylor - Gull","TaylorGull","Gull work on Sable Island 2013",NA
22,2013-01-01,"Taylor - Ipswich Sparrow","TaylorIPSP","Ipswich Sparrow survival and migratory behaviour",1
23,2014-01-01,"Motus","MotusAdmin","General project administration - mostly test tags.",NA
24,2013-01-01,"Norris","Norris","White-throated Sparrow orientation and migration studies.",NA
25,2014-01-01,"obrien","R5_SALS","Shorebird work on the Gulf of Maine.  Saltmarsh Sparrow migration project.  ",2
26,2014-01-01,"Salda - Atlantic Bank Swallows","Salda","Studying foraging and roosting habitat selection in Bank Swallows.",NA
27,2014-01-01,"Smith","PSmith","A wide variety of migratory shorebird projects focusing on Semipalmated Sanpipers and Red Knots.",3
28,2013-01-01,"Taylor - Petrels","TaylorPetrels","Foraging behaviour or Leach's Storm Petrels in Nova Scotia",NA
29,2016-01-01,"R5_SALS","R5_SALS2","Currently only winter/spring deployments on Saltmarsh Sparrow (SALS) in South Carolina",2
30,2014-01-01,"Range Tests","test","Tags used for range tests, or not attached to organisms, but whose data are still ""real"".",NA
31,2016-01-01,"Louisiana SPDOR VHF Network","Louisiana SPDOR","Louisiana Department of Wildlife and Fisheries' Statewide Detection for Organismal Research (SPDOR) VHF Network
",1
32,2014-01-01,"Dowling","Dowling","Migratory season tracking of eastern red, hoary, and silver-haired bats to inform migration ecology and offshore wind development",NA
33,2016-01-01,"Ernst","Ernst","Fall deployments on Saltmarsh Sparrows in Rhode Island",2
34,2014-01-01,"Gratto","Gratto","Piping Plover post-breeding dispersal in Nova Scotia.",NA
35,2016-01-01,"Powdermill Nature Reserve","PARC","Studies investigating stopover ecology of migrant songbirds at Carnegie Museum of Natural History's Powdermill Avian Research Center (PARC).",1
36,2016-01-01,"Chickadee natal dispersal and social behavior","UOLavalBCCH","PIs: Julie Morand-Ferron (U of Ottawa), Andre Desrochers (U Laval).
Establishment of juvenile Black-capped Chickadees in winter flocks.
",NA
37,2014-01-01,"Wheeler - Loggerhead Shrike","OntLOSH","Captive bred Loggerhead Shrike experiment.",1
38,2014-01-01,"James Bay Shorebirds","JamesBay","Multi-agency shorebird monitoring on the western coast of James Bay.",3
39,2014-01-01,"Nol/Parada- Blackpoll Warbler Migration","NolBLPW","",NA
40,2014-01-01,"EC - Arctic Shorebirds","BurntPoint","Collective of stations throughout the Canadian arctic and subarctic in support of shorebird ecology research.",NA
41,2016-01-01,"Max Planck ","Vorneweg","Bat Tracking",NA
42,2014-01-01,"Tremblay - Boreal Woodpeckers as forest indicators","Tremblay","To be completed by PI",NA
43,2014-01-01,"Eastern Shore of Virginia National Wildlife Refuge","Denmon","1 Motus Station maintained by ESV - NWR - USFWS",2
45,2014-01-01,"Merlin","AdamSmith","Digitally-coded tags on southward migrating Merlins captured during fall on Block Island, Rhode Island ",1
46,2016-01-01,"Stutchbury - Ontario Wood Thrush","OntWOTH","Survival, dispersal, and on-set of migration for juvenile and adult Wood Thrush.",1
47,2014-01-01,"Red Knot Staging and Migration Ecology","Niles","Stopover and migration ecology of Red Knots at Delaware Bay, NJ.",9
48,2014-01-01,"Northeast Motus Collaboration","NE-Motus","A collaborative effort expanding inland Motus receiver locations throughout the Northeastern United States in support of all projects.",1
49,2015-01-01,"Thrush post-breeding ecology in Quebec","QC-Thrush","PIs: Andre Derochers (U Laval), Junior Tremblay & Yves Aubry (Env Canada)
Breeding, post-breeding, and migratory ecology of BITH, SWTH, GCTH.",3
50,2014-01-01,"Morbey - Protandry","Protandry","Protandry study on migratory warblers through Ontario. Also some data on Myotis bats on the Bruce Peninsula.",NA
51,2016-01-01,"Nol - Wintering Shorebirds","NolWS","Erica Nol -  wintering shorebirds",1
54,2015-01-01,"Indiana Bats - 2015","Indiana_bats","Indiana Bats - 2015",NA
55,2015-01-01,"Norris - MOBU 2015","NorrisMOBU","Monarch butterfly foraging and migration behaviour.",NA
56,2016-01-01,"Erie Bird Observatory - Presque Isle Migrants","PresqueIslePA","Habitat use by land birds along the Lake Erie shoreline of Pennsylvania during migration.",1
57,2015-01-01,"SELVA Colombia","SELVA","SELVA's migratory bird program includes several projects aimed at understanding stopover behavior and over-winter habitat use in Colombia.
",1
58,2015-01-01,"Semipalmated Sandpiper stopover in Plymouth, MA","Plymouth","A joint project between Manomet and MassWildlife will be deploying nanotags on SESAs in Plymouth Bay to learn more about their local stopover ecology.",NA
59,2015-01-01,"NJ Audubon - Delaware Bay Shorebirds","NJA-DEBay","Track Semipalmated Sandpipers staging in Delaware Bay during spring migration",1
60,2015-01-01,"Mitchell - Canada Warbler - Stopover Ecology","Mitchell","Stopover ecology and habitat selection and migration of Canada Warblers in southern Ontario.",NA
61,2015-01-01,"EC Auks","ECauks","Black Guillemot and Razorbill study in the Bay of Fundy.",NA
62,2015-01-01,"Western Chickadees","Course","Christopher Course - Western University Black-capped Chickadee Study",NA
63,2015-01-01,"Saskatchewan Migratory Shorebirds","USask","Shorebird stopover timing and habitat use in Saskatchewan",1
64,2014-01-01,"Ohio State University","Tonra","Rusty Blackbird stopover ecology and Black-crowned Night Heron post-fledging survival",1
65,2015-01-01,"Texas Gulf Coast Migratory Shorebirds","TXShorebirds","Stopover and migration ecology of migratory REKN and SAND on the Texas Coast.",NA
66,2015-01-01,"EBM_Coats (#66)","EBM_Coats","Arctic-breeding shorebirds captured on the nest during the breeding season between 2014-2016",1
67,2015-01-01,"Nol - Churchill Shorebirds","Churchill","Assessing Departure and Stopover Ecology of Two Species of Migrating Shorebirds
",3
68,2015-01-01,"Arctic Shorebirds - CWS Yellowknife","CWS-YK","Arctic Shorebird Monitoring Program, Canadian Wildlife Service, Northern Region",1
69,2015-01-01,"Hilliardton Marsh Research and Education Centre","Hilliardton","To be completed by PI",NA
70,2015-01-01,"Ontario Bank Swallows","ErieBANS","Tracking foraging and roosting areas of Bank Swallows nesting at aggregate pits and lake shore bluffs. ",NA
71,2015-01-01,"Migration and dispersal of bats at Lake Erie","Erie Bats","Study of bat migration, post-breeding dispersal and habitat use in Norfolk County and Long Point, Ontario.",1
72,2015-01-01,"Atlantic Canada BITH","AtlanticBITH","Post-breeding dispersal and migratory movements of Bicknell's Thrush in Atlantic Canada.",NA
73,2015-01-01,"Mississippi Clapper Rail","GulfCoastRails","Using automated telemetry to estimate seasonal and annual survivorship of Clapper Rails in emergent marshes of the northern Gulf of Mexico",NA
74,2015-01-01,"CT River Valley Migratory Songbird Study","CTRiver","Migratory passerine use of the Connecticut river valley in Massachusetts, Vermont, and New Hampshire. ",NA
75,2015-01-01,"AlaskaBats","AlaskaBats","Dr. Liam McGuire, Dr. Justin Boyles, Dr. Gary McCracken. Tracking Myotis lucifugus around Wrangell-St. Elias National Park, Alaska.",NA
76,2015-01-01,"Control of nocturnal departure times","Helgoland","To understand how the onset of nocturnal departure times is controlled in long-distance songbird migrants",1
77,2015-01-01,"NJ Chick Survival","Stantial","This project will examine factors limiting reproductive success in New Jersey.",NA
78,2015-01-01,"Atlantic Canada Shorebirds","AtlCanShorebirds","Assessing movement, habitat use and length of stay of migrating shorebirds during stop-over in Atlantic Canada. ",3
79,2013-01-01,"Kent State - Ohio Bats ","UABatMig","Using telemetry to characterize the timing and duration of spring migration of long distance migrant bats in the western basin of Lake Erie.",NA
80,2015-01-01,"Shoener Illinois Bats","Shoener","Fall migration of federally-listed bat species",NA
81,2016-01-01,"British Columbia - Lower mainland Barn Swallows","BC-BARS","Habitat use and mortality of fledgling Barn Swallows in the lower mainland",NA
82,2015-01-01,"Maine - American Woodcock","RBrownAMWO","American Woodcock",2
83,2015-01-01,"BIMYWA","BIMYWA","Digitally-coded tags on southward migrating passerines (BLPW, MYWA, HETH, REVI) captured during fall on Block Island, Rhode Island",1
84,2015-01-01,"University of Connecticut - Saltmarsh Sparrow ","Soares","University of Connecticut - Saltmarsh Sparrow
Chris Elphick
Michael Soares",NA
85,2016-01-01,"Canadian Snow Bunting Network","McKinnonSNBU","Tracking the over-wintering and migratory movements of Snow Buntings in eastern North America.",NA
86,2014-01-01,"Taylor - Blackpoll Warbler","TaylorBLPW","Regional-scale and fine-scale movement decisions of post-breeding and migratory Blackpoll Warblers tagged on Nova Scotia's South Shore",NA
87,2015-01-01,"Taylor - MYWA","TaylorMYWA","Examining the scope and scale of post-breeding movements of two related species with alternate life-history strategies nesting on islands in NS. ",NA
88,2015-01-01,"Monomoy - Steph Koch","MA_REKN","Nanotags are being placed on Red Knots on Cape Cod, MA, with the goal of learning more about important stopover sites and migration pathways.",2
89,2015-01-01,"Taylor - Terns","TaylorTerns","Breeding ground movements of Arctic and Common Terns in Nova Scotia",NA
90,2016-01-01,"Gerson - Apalachicola Florida","Gerson","",NA
91,2015-01-01,"SCraik - NSWO","CraikNSWO","Migration and habitat use by Northern Saw-whet Owls",NA
92,2016-01-01,"Ontario Barn and Cliff Swallows","GuelphBARS","Collaborative project examine post-breeding dispersal and survival of swallows in southern Ontario. ",3
93,2016-01-01,"Pitman - Green Darner","PitmanGRDA","",NA
94,2016-01-01,"Cliff Lemen 2015","Lemen","",NA
95,2016-01-01,"BellVagrantsNS","BellVagrant","Studying reorientation of vagrant passerines and near-passerines in Nova Scotia, CA",1
96,2016-01-01,"Lefevre - Florida Gulf Coast University","Lefevre FGCU","Expanding the Motus network to southern Florida",1
97,2016-01-01,"BSC tags for later distribution","BSC","This is project is a tag bank, to hold registrations for tags acquired by BSC and others, but intended for later distribution to other projects.",NA
98,2016-01-01,"Zvenigorod","Zvenigorod","",NA
99,2015-01-01,"Taylor - Green Darner","TaylorGreenDarner","Examining Green Darner stop over and migratory movements in SW Nova Scotia.",NA
100,2016-01-01,"Stutchbury - Ontario Savannah Sparrow","Stutchbury","Dispersal and onset of fall migration of juvenile and adult Savannah Sparrow in Southern Ontario. ",NA
101,2016-01-01,"Sandiland 2016: Ontario Myotis","Sandilands","Tracking of Little Brown Myotis at a roost south of Cambridge Ontario",NA
102,2016-01-01,"SentinelTag","SentinelTag","A pilot study led by Simon Bonner (Western University) to determine how to use tags as sentinels.",NA
103,2016-05-26,"NYC Audubon","NYCA-SESA","NYC Audubon will be using VHF NanoTags in order to track movements of Semipalmated Sandpipers stopping over in Jamaica Bay, NY during their migration.",1
104,2016-05-31,"Perlut - Maine Forest Birds","Perlut","Banding station deploying nanotags on migrant songbirds in a coastal forest in southern Maine (Biddeford).  ",1
105,2016-06-02,"EC - Phalaropes","Ronconi","",NA
106,2016-06-13,"Gros Morne National Park","GrosMorne","We are operating Motus Tower(s) in Gros Morne and possibly other sites in western Newfoundland to support the Motus network",NA
107,2016-06-23,"Acadia National Park","AcadiaNP","Operation and maintenance of 3 Motus stations in and around Acadia National Park.",NA
108,2016-07-07,"SFU - Paracas Shorebirds","SFU_Paracas","To be completed by PI's",NA
109,2016-08-02,"Taylor - SWTH","Taylor-SWTH","Post-breeding dispersal of Swainson’s Thrush on Bon Portage and Seal Island in Nova Scotia. Research conducted by Lucas Berrigan and Phil Taylor.",NA
110,2016-08-05,"Holberton 2015-16","Holbt15_16","",NA
111,2016-08-23,"LPBO-Moult Migrants","LPBO-MltMig","Study on the stopover times and migration of moult-migrant Swainson's Thrush and Tennessee Warblers at Long Point, O and Montreal, QC.",NA
112,2016-08-23,"BSC-Common Nighthawks","BSC-CONI","Study of Common Nighthawk igration from Thunder Cape Bird Observatory (Thunder Bay, ON) to Hawk Ridge Bird Observatory (Duluth, MN) and beyond...",NA
113,2016-09-01,"Wageningen University & Research","WUR","Bat and bird migration in relation to wind energy",1
114,2016-09-07,"Europe - Bats","PNAT","Long distance migration of Nathusius' Pipistrelle (Pipistrellus nathusii) in the Baltic-North Sea Region ",NA
115,2016-09-12,"Long Point Vagrants","VagrantsLP","Study on the behaviour of vagrants at Long Point Ontario. ",NA
116,2016-09-22,"Migration in Song Sparrows","SOSPMigration","Monitoring movements of our long-term study population of song sparrows",1
117,2016-09-22,"French Guiana Shorebirds","Guiana","Shorebird research in French Guiana - to be completed by PI's",NA
118,2016-09-29,"Tadoussac NSWO","TadoussacNSWO","We want to monitor the migration pattern(s) of NSWO from Tadoussac, Quebec till the wintering areas of the species in eastern North-America. ",NA
119,2016-10-03,"Missouri - E. Whip-poor-will","BoylesEWPW","To be completed by PIs.",NA
120,2016-10-12,"Western Gulf Avian Resource Assessment","WGARA","Joint project with Gulf Coast Bird Observatory and Texas Mid-Coast NWR Complex to establish 15 antenna arrays along the upper and central Texas coast",2
121,2016-10-14,"Maggini - Eastern Austria","Maggini","Studies on stopover physiology around Lake Neusiedl (Eastern Austria) during fall migration.",NA
122,2016-10-31,"Rushton Woods","RushtonWds","To be entered by PI",NA
123,2016-11-07,"BIRDMOVE - Songbird migration 2017 and spring 2018","BIRDMOVE_2017","Song bird migration at the German North Sea coast during spring and autumn 2017 and spring 2018.",1
124,2016-11-14,"NJA - South America Shorebirds","NJA-TU_SESA-SA","To be completed by PI",1
125,2016-11-29,"Guyra Paraguay","GuyraPARA","SHorebirds in Bahía de Asunción, Paraguay",1
126,2016-12-07,"Louisiana Yellow Rail","LA_YERA","To be completed by PIs",1
127,2016-12-09,"Knockaert Raptors","KNOCKAERT","To be entered by PI",NA
128,2016-12-28,"Panama Prothonotary Warbler","PANAMA_PROW","Winter Ecology of Prothonotary Warblers",NA
129,2017-01-11,"University of Oklahoma","U_OK","Tracking bird movements through the south-central United States",1
130,2017-01-12,"Chiloe Hudsonian Godwit","CHILOW_HUGO","Stopover ecology of Hudsonian Godwit in Chiloe.",NA
131,2017-01-12,"York University Killdeer","YU_KILLDEER","",NA
132,2017-01-17,"Least Tern - Microsite Assessment of Range Ecology","LETE_RANGE_ECO","This project aims to determine general utilizations of space and the overall time effort devoted to foraging and breeding activities for least tern.",NA
133,2017-02-01,"LINWRC Bird and Bat Tracking","LINWRC","To be entered by PI",2
134,2017-02-21,"Autumn Migration ofNorthern Myotis in PA","N_MYOTIS_PA","The goal of our project is to describe the nature and timing of autumn migration in the northern myotis (Myotis septentrionalis) in Pennsylvania.",1
137,2017-03-09,"Abiotic and biotic influences on Snowfinch","Snowfinch","Abiotic and Biotic Influences on Spatio-temporal Population Dynamics in Alpine Environmental Conditions: the snowfinches as a case study",NA
138,2017-03-16,"Montreal tag sensitivity","MONTREAL_TAG_SENS","To be entered by PI",NA
139,2017-03-20,"Barbados","BARBADOS","Two towers deployed to monitor the migration of shorebirds",NA
140,2017-03-23,"SCDNR Shorebirds","SCDNR","",1
141,2017-03-24,"BDs_201704","BDs_201704","Essais tag Biotrack NTQB-2 avec antenne 7 éléments 150.100 13dB de ma fabrication et SensorGnome",NA
142,2017-03-24,"Effects of mercury on ovenbird migration","OVEN_Hg","Autumn migration speed and success of ovenbirds that are dosed with mercury throughout their breeding season in Connecticut",NA
143,2017-03-27,"Clapper Rail Survival in CT","CLRA_CT","Project to assess annual survival rates and migration pathways and stopovers of northern breeding clapper rails.",NA
145,2017-04-04,"Kirtland's Warbler Tracking, Bahamas - Michigan","KIWA_BAH_MI","Studying a population of endangered Kirtland's Warblers to determine the influence of winter conditions on migration departure date.",1
146,2017-04-07,"Neonicotinoid insecticides and migratory birds","NEONICS","Tracking the effects of neonicotinoid insecticides on migratory birds",NA
147,2017-04-10,"Southern Great Plains Snowy Plover","SNPL","Monitoring population connectivity of Snowy Plovers (Charadrius nivosus nivosus) on the Southern Great Plains of Texas, New Mexico and Oklahoma",1
148,2017-04-10,"Indiana","Indiana","",NA
149,2017-04-11,"Belize","Belize","",NA
150,2017-04-25,"Coastal Georgia Array","COAST_GEORG_ARRAY","To be entered by PI",2
151,2017-05-02,"Fort Indiantown Gap Bats","INDIANTOWN_BATS","The project is a small (6 receiver stations) grid setup on the ridges and valleys of the installation out near the east and west boundaries.",NA
152,2017-05-02,"New York Lake Plains Motus","NY_LAKE_PLAINS","Monitoring migratory birds and bats at important stop-over sites in the Lake Plains Region of Western and Central New York. ",1
153,2017-05-03,"Tulane_SESA_NGOM","SESA_STOPOVER","Investigating the stopover ecology of semipalmated sandpipers during spring migration along the northern Gulf of Mexico.",1
154,2017-05-05,"Ontario Pigeons","ON_ROPI","Test the Motus system using homing pigeons double-tagged with GPS and nanotags.",NA
155,2017-05-09,"Johnson - SE Florida Coast","FL_East_Boca","Small antenna mounted on house using rtl-sdr radio",NA
156,2017-05-11,"Black Tern movements - breeding/migration","BLTE","Tracking movements of Black Terns during breeding, staging and southward migration",3
157,2017-05-24,"Bioenergetics of WNS in western bat species","WNS_BATS","Assessing the bionergetic effects of white-nose syndrome in western bat species.",NA
158,2017-05-30,"Eastern Ontario Grasshopper Sparrow","GRSP_E_ON","Tracking movement and migration patterns of Grasshopper Sparrows in southern Ontario",3
159,2017-06-12,"Local and migration movements of Canada Warbler","CAWA","",NA
160,2017-06-12,"Myotis movements in eastern Québec","MYOTIS_E_QC","This project aims to document the migratory movements of two Myotis species (M. lucifugus and M. septentrionalis) during fall migration.",3
161,2017-06-12,"Migration connectivity of the Rusty Blackbird ","RUBL_CONNECTIVITY","",3
162,2017-06-13,"Western MA Tree Swallows","TRES_W_MA","To be entered by PI",NA
163,2017-06-14,"Norris - MOBU Neonic 2017","MOBU_NEONIC_2017","We will be investigating the effect of a neonicotinoid pesticide on monarch butterfly orientation and migration",NA
164,2017-07-04,"Tracking post-breeding movements of Purple Martins","PUMA_POST_BREED","To be entered by PI",NA
165,2017-07-06,"Michigan motus array","MI_ARRAY"," Michigan receiver array for migration monitoring",1
166,2017-07-12,"Ft. De Soto","FT_DE_SOTO","Expanding the Motus network along the Gulf of Mexico in Florida for shore and seabirds.  ",2
167,2017-07-19,"Virginia Eastern Red Bats","VI_ERB","Fall and spring coastal movement patterns of eastern red bats (Lasiurus borealis) along the mid-Atlantic coast.",1
168,2017-07-28,"Montreal moult migrant research","MONTREAL_MOULT","Monitoring fall moult migration and movements of Swainson's Thrush and Tennessee Warblers in the greater Montreal area",1
169,2017-07-31,"Species at Risk Research on the Carden Alvar","CARDEN_SAR","To be entered by PI",NA
170,2017-08-29,"Comparative physiology of Migratory songbirds","Snell","Stopover behaviour, migratory decisions, and orientation cue studies in Europe",NA
171,2017-09-12,"Richardson's Merlin in Winnipeg","MB_MERL","Comparative analysis of habitat characteristics, nest density and survivability of Richardson’s Merlin (Falco columbarius richardsonii) in Winnipeg",NA
172,2017-09-14,"Sora Migration","SORA","Study of Sora Rail migration based out of Patuxent River Park - Jug Bay Natural Area",1
173,2017-10-10,"Maggini - Ventotene","Italian Islands","This is a new version of project #135",NA
174,2017-11-15,"Bahia Lomas Shorebirds","BahiaLomas","Over winter shorebird ecology of Bahia Lomas, Chile with a particular focus on the Red Knot and Hudsonian Godwit.",9
175,2017-11-16,"Columbus Zoo","ColumbusZoo","Migratory bird tag tracking from the Columbus Zoo",NA
176,2017-11-23,"Sample Data","SampleData","Project containing sample data for use with the Motus R Book",NA
177,2017-11-24,"Biologic Motus","BioMotus","Motus array in Western Australia",1
178,2017-11-27,"Toronto Zoo","TorontoZoo","Outreach for Motus program at the Toronto Zoo",NA
179,2018-01-03,"Post breeding dispersal of Eurasian Starlings","RSPB_EUST","",NA
180,2018-02-01,"Magellanic Plover","MAPL","",NA
181,2018-02-28,"Baden-Wuerttemberg bats","DE_bats","Bat research with beeper and nano tags in Baden-Wuerttemberg, Germany",NA
182,2018-03-05,"Actio Riparia Hungary","Riparia HU","Fixed and mobil Motus stations in Hungary for detecting migratory bird species and specific studies of sand martins marked in breeding colonies.",NA
183,2018-03-13,"Albany Pine Bush Preserve","PineBush","Motus station at the Discovery Center in the Pine Bush Preserve, Albany NY",1
184,2018-03-16,"Zoo Miami","ZooMiami","Station located at Zoo Miami to increase Motus network coverage.",NA
185,2018-03-20,"Louisiana Chenier Stopover Habitat","LA_chenier","Evaluation of Chenier stopover habitat in southwest Louisiana for Nearctic-neotropical migratory bird.",1
186,2018-03-22,"Stopover strategies after desert crossing","Maggini - Morocco","This is a comparative study investigating the role of standing water for migratory passerines stopping over in the desert.",1
187,2018-04-11,"Florida Spoonbills","FL_ROSP","Habitat usage of Roseate spoonbills in novel environments.",1
188,2018-04-30,"TU_WIPL_LA","TU_WIPL_LA","Migration ecology study of Wilson's Plover natal and breeding dispersal.",NA
189,2018-05-16,"Fort Wayne Children's Zoo","FortWayne","A network of Motus stations in Northeast Indiana managed by the Fort Wayne Children's Zoo.",NA
190,2018-05-17,"PARI","PARI","Motus station setup at PARI in Rosman, NC.",NA
191,2018-05-24,"Pacific Shorebirds","Pacific Shorebirds"," Tracking study to follow shorebirds during migration on the Pacific flyway. ",3
192,2018-05-25,"Eastern Whip-poor-wills","EWPW","Eastern Whip-poor-will migratory movements from the Bruce Peninsula, ON",NA
193,2018-05-31,"Indiana Audubon","IN_Audubon","Motus station setup at the Mary Gray Bird Sanctuary, Indiana and Indiana Dunes (coming online in 2021). ",1
194,2018-06-04,"Common Nighthawk/Eastern Whip-poor-will","GrahameNightjars","Investigating breeding ground survival, departure dates, and migratory connectivity for Common Nighthawks and Eastern Whip-poor-wills breeding in ON.",1
195,2018-06-05,"Breeding habitat of Chimney Swift in Québec","Habitat-ChimneySwift","",3
196,2018-06-11,"Fire Island PIPL Fledgling Survival and Migration","Fire_Island_PIPL","Tracking fledgling piping plovers to document sources of pre-migration mortality and identify stopover locations.",NA
197,2018-06-11,"Taylor - Swallows","TaylorSwallows","Tracking of the post-breeding and early migratory movements of Bank, Barn, Cliff and Tree Swallows from breeding sites in New Brunswick.",1
198,2018-06-22,"Prothonotary Warbler Migration","PROW_Mig","Prothonotary Warbler nanotags deployments will build upon a growing network of migration research on this species.",1
199,2018-06-25,"Ontario Bank Swallows 2018","BANS2018","Transmitters being placed on 100 bank swallow fledglings to measure survival.",1
200,2018-06-25,"Ontario Thrush Migration","ON SWTH GCTH Motus","SWTH and GCTH tagged on northern Bruce Peninsula in partnership with Bruce Peninsula Bird Observatory.",NA
201,2018-06-28,"Purple Martin","PUMA","Purple martin migratory movements from  Manitoba, ON",NA
202,2018-06-28,"Darner Migration","Darner","",NA
203,2018-07-14,"Landscape connectivity in Ontario bats","ON_bats","Movement of little brown bats from maternity sites to swarming sites",1
204,2018-07-17,"GTA Bat Tracking","GTA_bats","Tracking bats to locate roosts and foraging areas within the Greater Toronto Area.",1
205,2018-07-22,"Colorado State SWHA","CO_SWHA","Using Motus to determine exact timing of Swainson's Hawk arrival in California.",1
206,2018-07-24,"Painted Bunting spatial use and migration patterns","UNT_PABU","Documenting the movements, territory and home range sizes of Painted buntings on their north Texas breeding grounds, and southward migration patterns.",1
207,2018-07-25,"Barn Swallows Cambridge and Toronto Zoo","BARS Migration","Studying Barn Swallow post-breeding dispersal and migration from release sites in Cambridge and Toronto Zoo.",3
208,2018-07-26,"Ontario Thrush Migration 2018","Thrush 2018","Project aimed at determining migration routes and stopover behavior of GCTH and SWTH through SW Ontario.",NA
209,2018-07-26,"WX MOBU Neonic 2018","WX_MOBU","We will outfit monarch butterflies with nanotags to determine the effect of the pesticide clothianidin on navigation and orientation.",NA
210,2018-07-27,"Missouri Motus Network","MOtus","Placing Motus receivers in Missouri.",1
211,2018-07-31,"SE Norwegian Coastline Passerines","Norway_passerine","Passerine migration behavior: tracking migration routes along the SE Norwegian coastline and use of area upon departure.",1
212,2018-08-15,"Lake Superior Migration","LakeSuperiorMig","Lake Superior tracking network",1
213,2018-08-20,"Intermountain West Collaboration - Birds","IWC birds","Intermountain West Flyway: Motus station network and collaborative bird research.",1
214,2018-08-22,"Movement Ecology of Finches in Australia 2018","Wyndham Finches 2018","Influence of fire of the movement behaviour of Gouldian and Long-tailed Finches in north-western Australia.",NA
215,2018-08-24,"SEFI - Receiver Station","SEFI","Receiver station on South East Farallon Islands. Specializing in vagrancy and orientation. Non-continuous MOTUS listening frequency.",NA
216,2018-08-24,"Skagen Bird Observatory - Receiver Station","Skagen","Receiver station situated on northern tip of Denmark. Autumn migration of passerines from Oslo Fjord and spring migration/ecological barrier studies",1
217,2018-08-28,"Lifewatch Belgium","Lifewatch","LifeWatch Belgium develops and maintains a marine observatory including sensor networks. We aspire for automated data collection and data processing.",NA
218,2018-09-04,"BIRDMOVE - Autumn songbird migration 2018","BIRDMOVE_Autumn2018","Songbirds tagged at the coast of Schleswig-Holstein (Germany) during autumn 2018",1
219,2018-09-04,"BIRDMOVE - Dunlin migration across the North Sea","BIRDMOVE_Dunlins","Dunlin migration across the North Sea",1
220,2018-09-10,"UQO toit","UQO","Antenna setup on the roof of the main building of UQO (Université du Québec en Outaouais).  Deployed and activate on July 17, 2019.",NA
221,2018-09-12,"Migratory behavior of SWTH in Western Washington","WA_SWTH","The goal of this project is to track spring migratory movements and post-breeding movements of Swainson’s Thrush in Western Washington.  ",1
222,2018-09-17,"CTT Delaware Bay Sanderling","CTTDelBaySAND","Dual-mode Motus towers in Delaware Bay",1
223,2018-09-18,"Baltic Sea Motus Network","Baltic","Array of receivers on the Swedish and Finnish coast of the Baltic Sea. Coordinated by Ottenby Bird Observatory.",1
224,2018-09-18,"CTT Montezuma NWR Tree Swallows","CTTMontezumaTRES","Tree Swallow tagging with life tags at two dual-mode Motus towers in New York at Montezuma NWR ",1
225,2018-10-24,"Connecticut Audubon Society receiver stations","DPFhs","General migration monitoring",1
226,2018-10-29,"Intermountain West Collaboration - Bats","IWC Bats","Intermountain West Flyway: Motus station network and collaborative bat research.",NA
227,2018-11-12,"Bird Migration Tracking of Offshore area in Taiwan","BMTOT","Study how migratory birds move in the coastal area in West Taiwan.",1
228,2018-11-14,"Louisiana Seaside Sparrow","LA_SESP","Assessing Seaside Sparrow abundance, distribution, annual survivorship, and productivity in southwest Louisiana",1
229,2018-11-17,"Brazil Purple Martin","BrazilPUMA","Tagging and tracking of Purple Martins in Manaus and surrounding areas.",1
230,2018-11-20,"Riverbanks Motus Tower","Riverbanks Motus","Riverbanks Motus Tower",NA
231,2018-11-30,"American Tree Sparrows - Ontario","ATSP","Winter ecology of American Tree Sparrows in Southern Ontario",3
232,2018-12-08,"Selva CAWA Colombia","CAWA_COL","Canada Warbler overwinter radio telemetry in Colombia",9
233,2018-12-14,"Craney Island Shorebird Migration Site","Craney Island","Site location established to detect migrating shorebirds that use Craney Island facility in coastal Virginia",NA
234,2019-01-03,"WGLBBO - Wisconsin Subnetwork","WGLBBO Subnet","Western Great Lakes Bird and Bat Observatory Inc. buildout of Motus stations in southern Wisconsin",1
235,2019-01-07,"Biologic - BHP","BIOBHP","An array in the NW of Western Australia",1
236,2019-01-07,"Biologic - RTIO","BIO-RTIO","An array in the NW of Western Australia",1
237,2019-01-15,"Barn Swallows in Panjin, China","CNPJ","Monitor barn swallows' activity in China.",NA
238,2019-01-22,"Vienna test","Vienna test","Test of different antenna and receiver setups for use in different projects",1
239,2019-01-25,"Brazil Non-Breeding Shorebirds","BrazilShorebirds","Tracking Shorebird Movements on Non-Breeding Grounds of Brazil",3
240,2019-02-11,"ERI","Kent Farm","Local Motus station at Kent Farm Research Station",1
241,2019-02-20,"Movement Ecology of Finches Australia 2019","AusFinch2019","",1
242,2019-02-21,"New Jersey wintering sparrows","NJ sparrows","",NA
243,2019-02-26,"Florida Aquarium","FLAQ","Migratory bird tag tracking from the Florida Aquarium Center for Conservation",NA
244,2019-03-08,"Rookery Bay Reserve Migratory Network","RBR Migration","This is an expansion of the South Florida MOTUS network. This data will be used to compliment pre-existing projects nationwide.",1
246,2019-03-19,"Clive Runnells Mad Island Marsh Preserve","Mad Island","Spring migration stopover",NA
247,2019-03-21,"Kern River Valley Tri-colored Blackbird Study","Kern TRBL","This is a pilot study to document the movements of Tri-colored Blackbirds in the Kern River Valley, California.",1
248,2019-03-31,"CTA - James Bay Array","CTA_JamesBay","An array of receivers along the eastern portion of James Bay. Operated by the Cree Trappers Association.",NA
249,2019-04-17,"Sara Lupi - GHR and migratory behavior","Sara Lupi OldCut2019","Field radio-tracking experiment to study the effects of experimentally increased ghrelin on migratory behavior",1
250,2019-04-29,"Saskatchewan Passerine Ecology","Sask Passerine","Projects investigating migration, survival and ecology of passerine birds in Saskatchewan.",3
251,2019-04-30,"CTT Test Project","CTTTEST","Where test data from dual mode receivers will go. ",9
252,2019-05-01,"New England Rusty Blackbird Project","NE RUBL","Post-breeding and migratory movements of Rusty Blackbirds from northern New England breeding populations",1
253,2019-05-01,"Audubon South Carolina Tower Network","ASCmotus","This is a coordinated effort to contribute to the Motus Tower effort with Audubon South Carolina Chapters, Bird Friendly Communities, and Partners. ",NA
254,2019-05-07,"BIRDMOVE - Wheatear spring migration 2019","BIRDMOVE_Spring2019","Wheatears tagged at the coast of Niedersachsen (Germany) in spring 2019.",1
255,2019-05-14,"GREY CHEEKED THRUSH FROM RUSSIA WITH LOVE","GCTH","We have tagged 10 GCHT in Chukotka (North-East Russia) with Lotek tags to see their migration strategies during passage to Latin America. ",9
256,2019-05-14,"Early Successional and Peatlands movement","ESPM","Post-fledging movements of amwo, gwwa, veer, boch, conw",1
257,2019-05-15,"Timucuan Bird Monitoring","TIMUBIRD","Receiving station at NPS Kingsley Plantation, Timucuan Ecological and Historic Preserve",2
258,2019-05-19,"Nicaragua - Reserva El Jaguar","REJ-Nicaragua","Passive Motus station at Reserva El Jaguar - Nicaragua.",1
259,2019-05-22,"Southeast NC Motus","SE.NC","UNCW erects a series of Motus towers in Southeastern North Carolina to study migratory behavior of sparrows.",1
260,2019-05-22,"COTE Interstate","Interstate","tracking family groups",1
261,2019-05-28,"Champlain Valley Motus Project","ChamplainValley","Use of Motus to track transmitters in the Champlain Valley of Vermont",NA
262,2019-06-04,"PUMA-Manitoba-2019","PUMA-M19","Tagging and tracking of Purple Martins in Manitoba for the light extension experiment.
",1
263,2019-06-04,"PUMA-Ontario-2019","PUMA-On19","Tagging and tracking of Purple Martins in Ontario for the third year.
",1
265,2019-06-06,"Gerson UMass Sonoran Desert Array","UMass Sonoran","Fall migratory movement tracking through Sonoran Desert",1
266,2019-06-14,"UMaine Migration Ecology","UMaine Migration","My lab is investigating migration ecology of Rusty Blackbird and Bicknell's Thrush. In the future, additional species may be added to our study. ",2
267,2019-06-15,"Purple Martin McGill ","PUMA McGill ","Tagging Purple Martin fledglings in southern Quebec",1
268,2019-06-17,"Chimney Swift Roost Networks","Swift roosts","We seek to understand how Chimney Swifts use roosts at a large spatial scale (southern NS).",1
269,2019-06-18,"Selva -  GHTH - Colombia - Andes","SELVA_GCTH_Andes","Gray-cheeked Thrush tagged in Central Colombia",1
270,2019-06-18,"Selva - Swainson's Thrush - Colombia","SWTH","All SWTHs from Selva Colombia",1
271,2019-06-18,"American Kestrel Relocation ","AMKE RELO","American Kestrels are relocated from area airports.",NA
273,2019-06-19,"Collaborative Western Canada Array","CanWest","Western array managed by Birds Canada with Environment and Climate Change Canada.",9
274,2019-06-24,"Michigan Upper Peninsula","Michigan -UP","Regional array on the Upper Peninsula of Michigan led by the Cooper Country Audubon. ",NA
275,2019-06-27,"School District of Indian River County, FL","Indian River County","Receiving station on Vero Beach High School",2
276,2019-06-28,"North Atlantic Population Canada Goose","NAP CAGO","Assessment of harvest rates, and timing of arrival and duration of stay for south-migrating North Atlantic Population Canada geese.",3
277,2019-06-29,"Hubbard Brook BTBW","HBEF BTBW","Tagging Black-throated blue warblers at Hubbard Brook Experimental Forest",1
278,2019-07-03,"Piping Plover Migratory Behavior","Plover Migration","Identify migratory locations of plovers",1
279,2019-07-15,"Lund Migration Research","Lund Migration","Research on physiological mechanisms of (partial) migration. We use different species that bred or stopover in southern Sweden.  ",1
280,2019-07-16,"BC Interior Thrushes","thrushes","Investigation migratory tendencies of SWTH in a sub-species hybrid zone in the Interior of British Columbia.",1
281,2019-07-19,"Great Plains Chihuahuan Desert Motus","GPCDMotus","A collaborative effort to expand the Motus network throughout the Great Plains and Chihuahuan Desert region.",1
282,2019-07-22,"Project Meadowlark","EAME","Exploring meadowlark migratory connectivity through the Virginia Working Landscapes landowner network",1
283,2019-07-31,"TRACKBIRD - Autumn songbird migration 2019","Autumn 2019","Songbirds tagged at the coast of Schleswig-Holstein (Germany) during autumn 2019 ",1
284,2019-07-31,"Hastings Motus","CNC","Motus tower on the Minnesota campus of Carpenter Nature Center.",1
285,2019-08-02,"CONI annual survivorship in coastal Louisiana","CONI-surv-LA","Tracking annual survivorship of Common Nighthawks nesting along the coast of Louisiana.",1
286,2019-08-15,"Parasitic Jaegers Migration","PAJA migration","Tracking the migration of arctic breeding parasitic jaeger",1
287,2019-08-19,"NCC Shorebird Monitoring Project Western Manitoba","NCC SB Mon","To track shorebird migration movements through the Oak Lake, Plum Lakes and Whitewater Lake.",NA
288,2019-08-21,"Fall migration of American Pipit and Horned Lark","AMPI-HOLA","Fall migration routes of American Pipits and Horned Lark captured at the Observatoire d'Oiseaux de Tadoussac",3
289,2019-08-21,"Upper Mississippi Valley migration ","Upper Miss Migration","Array of 6+ towers to investigate migration and movement of golden winged warblers and other species in the Upper Mississippi River Valley. ",2
290,2019-08-29,"Tennessee Regional Motus Collaborative Project","TN Motus Project","The Nature Conservancy is initiating a Motus-based project to better understand aerial wildlife, and critical habitat, in and around Tennessee.",1
291,2019-08-29,"UK-BirdObs","UK-BirdObs","Project Yellow-browed.  UK Bird Observatories Motus deployment for various migration studies.",NA
292,2019-09-03,"Bernheim Birds","Bernheim Birds","Bernheim is tracking birds throughout the 16,137 acre arboretum and research forest to better understand habitat usage, migration, and site fidelity.",1
293,2019-11-05,"Cellular Tracking Technologies","CTT","Stations managed by CTT.",1
294,2019-11-12,"Shorebird monitoring in central NSW estuaries","NSW","This project aims to quantify movements of shorebirds within and between central New South Wales east coast estuaries with a focus on eastern curlew",1
295,2019-12-05,"KSFO Raptor Relocation Network","SFO RRN","SFO will trap and translocate raptors and us Motus data to evaluate the program's efficacy for reducing collisions of birds and airplanes.",1
296,2019-12-06,"Helgoland Spring 2017","Hel spr 17","departure decisions of migratory songbirds with different migration strategies",1
297,2019-12-06,"Helgoland Autumn 2017","Hel aut 17","departure decisions of migratory songbirds with different migration strategies",1
298,2019-12-06,"Helgoland Spring 2018","Hel spr 18","departure decisions of migratory songbirds with different migration strategies",1
299,2019-12-06,"Helgoland Autumn 2018","Hel aut 18","departure decisions of migratory songbirds with different migration strategies",1
300,2019-12-06,"Helgoland autumn 2019","Hel aut 19","",1
301,2019-12-16,"Cayuga Bird Club ","CBC Lansing","Motus receiver at Myers Park, Lansing NY. To facilitate research in NY Plains region.",NA
302,2020-01-02,"Lion Country Safari ","LCS","Station located at Lion Country Safari to increase motus network coverage. ",1
303,2020-01-08,"Edward J. Meeman Biological Station Receiver","Meeman Receiver ","Motus receiver station located at the Edward J. Meeman Biological Station. ",1
305,2020-01-25,"Brazil-PUMA-2020","BrazilPUMA20","Study of the duration of stay of purple martin at roosting sites in Brazil before spring migration and spring departure date",1
306,2020-02-06,"BC Winter Birds","BCwinter","Tracking the survival of resident birds during the winter around Metro Vancouver",3
307,2020-02-11,"UK Bats","UK-Bats","Umbrella project for bat related studies in the UK.",1
308,2020-02-12,"Effects of high lead on AMRO movement and behavior","PbAMRO","Migratory movements and behavior following high lead levels during the juvenile stage in American robins (Turdus migratorius)",1
309,2020-02-12,"Linking Least Tern wintering and breeding sites","Least Tern wintering","Least Terns will be marked with nanotags in January 2021 in coastal Brazil, and hopefully detected as they migrate north. ",1
310,2020-02-20,"Purple Martin University of Delaware","PUMA UDel","Investigating Purple Martin Movements and Autumn Roosting Activity in the Mid-Atlantic",1
311,2020-02-21,"Bat migration over the German North and Baltic Sea","Batmobil","Investigation of flightroutes of bats crossing the German North and Baltic Sea.",1
312,2020-02-25,"Isla Masocarit - Navopatia Field Station","Isla Masocarit ","Navopatia Field Station is hosting the Motus station on Isla Mascorit",1
313,2020-02-26,"Tulsa Zoo Motus ","Tulsa Zoo","Migratory bird tag tracking from the Tulsa Zoo",1
314,2020-02-27,"Stephanie's Marsh Birds","StephMB","Tracking Breeding and Migrating Marsh Birds",1
315,2020-03-09,"Forillon National Park","Forillon NP","Antenna deployed in Forillon National Park (QC)",3
316,2020-03-09,"Duke Farms","DUBA","Duke farms banding station",1
317,2020-03-11,"Belle Isle Nature Center","BINCMO","Belle Isle Nature Center MOTUS tower data collection.",NA
318,2020-03-12,"Helgoland spring 2020","Helgospri2020","",1
319,2020-03-13,"Carpenter Main Campus Tower","CNC Main","Main tower for CNC MN campus.",1
321,2020-03-22,"Bird rhythms","rhythms","Project to characterize chronotypes of birds during the breeding season, and to record migratory birds and bats at other times of year.",1
322,2020-03-23,"TestTags","TestTags","A project to hold designated Test Tags. ",9
323,2020-03-28,"TRACKBIRD - Songbird spring migration 2020","TRACKBIRD_Spring2020","Songbirds tagged at the coast of Niedersachsen (Germany) during spring 2020.",1
324,2020-04-18,"Ellis Bird Farm Receiver Station 1a","EBF Station1a","A comprehensive MOTUS/CTT networked receiver station at the Ellis Bird Farm bird sanctuary in central Alberta, Canada.",1
325,2020-04-22,"Zoo New England Audubon","ZNEA","CTT sensor for migrating wildlife",1
326,2020-05-15,"REVI - Timing of migration PA","REVI-PA","Nanotags will be used to determine onset of fall migration and hopefully arrival back the next spring",1
327,2020-05-27,"Alderville Black Oak Savanna","ABOS","Tagged birds found at ABOS by Motus Tower",1
328,2020-06-15,"PUMA-Manitoba-2020","PUMA20","Tagging and tracking of Purple Martins in Manitoba for the light pollution experiment.
",1
329,2020-06-15,"Zwin Natuur Park","Zwin","The Zwin Nature Parc is a Nature reserve on the east coast of Belgium in Flanders.",1
330,2020-06-23,"Lotek ","Lotek","Lotek project used for project, tag, and receiver data management purposes. ",1
331,2020-06-23,"My Motus Test","CTTmotusTest","This is a test project so I can familiarize myself with the Motus system",1
332,2020-07-01,"AMKE research MN","AMKE MN","Use of motus tracking system to learn more about annual life cycle of the American Kestrel adults and First year birds ",1
333,2020-07-02,"Pueblo Chemical Depot","PCD","Wildlife movement in high desert",1
334,2020-07-06,"Poplar Island Restoration Site - Common Terns","Poplar Terns","Common Tern Nanotag and Lifetag Marking on Poplar Island, Chesapeake Bay, Maryland.",2
335,2020-07-17,"TRACKBIRD - Autumn songbird migration 2020","Autumn 2020","Songbirds tagged at the coast of Schleswig-Holstein (Germany) during autumn 2020.",1
336,2020-07-31,"CWS-Pacific Shorebird Stations","CWS-PacificStations","Array of towers maintained by Canadian Wildlife Service - Pacific to support ongoing tracking of shorebirds on the Pacific Coast.
",3
337,2020-08-06,"USFWS MB R9 Shorebird Project","USFWS R9 Shorebirds ","Tracking migratory shorebirds along the Oregon and Washington coast.",2
338,2020-08-14,"Yellow-browed Warbler migration Helgoland","YBW Helgo","",1
339,2020-08-14,"Helgoland autumn 2020","Helgoland.aut.2020","",1
340,2020-08-14,"Helgoland autumn 2021","Helgo.aut.2021","",1
341,2020-08-18,"Delaware Clapper Rail Research ","DE_CLRA","Tracking hatch year Clapper Rail dispersal from individuals tagged in Delaware saltmarsh.",1
343,2020-08-26,"Town of Kiawah Island ","Kiawah","Multiple long-term receivers and occasional tagging projects",1
344,2020-08-29,"Motus station and winter sparrows at Seven Islands","Seven Islands","Motus station setup at Seven Islands State Birding Park.  Study the arrival, departure and habitat use of wintering sparrows in our managed grassland.",1
345,2020-09-07,"Scott Hoyland 1a","SH1a","A personal endeavour.",1
346,2020-09-09,"Collaborative Central America Array","Central America","Central America array managed by Paso Pacifico and Southern Sierra Research Station.",1
347,2020-09-24,"Arizona Game and Fish Department","AZGFD","a project focused on deploying a network of receivers across Arizona and working with collaborators to answer local questions",1
348,2020-09-27,"Zoo Atlanta","Zoo Atlanta","The station aims to determine what birds that are migrating over the Atlanta area.",1
349,2020-10-02,"Fraser Estuary Overwintering Shorebirds","FraserShorebirds","Tracking movements of overwintering shorebirds in the Fraser Estuary.",1
350,2020-10-07,"Kansas Shorebird Radio Telemetry Project","KSRTP","Researching turnover rates of shorebirds to estimate population.",1
352,2020-10-14,"Intermountain West Collaborative - UM birds","IWC-UM Research","IWC Motus - University of Montana projects",1
353,2020-10-21,"X","X","X",NA
354,2020-11-09,"Illinois Motus Network","Illinois Motus","Placing Motus receivers in Illinois.",1
355,2020-11-10,"Lund Migration Research 2020","Lund 2020","data from all birds tagged in 2020",1
356,2020-11-20,"Eyes on the Skies – Arctic Shorebird Monitoring","WNP","Expanding the MOTUS network in to Wapusk National Park, and further in to Canada's North. ",1
357,2020-11-23,"Coastal Motus Network in NW Mexico","NW Mexico","Installation of 15-20 motus stations in 12 priority wetland of NW Mexico  to track 4 shorebird species and 2 marine bird species.",1
358,2020-12-02,"Black Rail breeding space use","BLRA","",2
359,2020-12-08,"Black Tern Dispersal - Saskatchewan","BLTE - SK","Examine migration routes and breeding dispersal of Black Terns breeding in Saskatchewan.",3
360,2020-12-10,"Barn Swallow foraging on Conte NWR","Conte Barn Swallows","Assess characteristics of foraging sites being used by nesting Barn Swallows near Fort River Division of Conte National Wildlife Refuge, Massachusetts",2
361,2020-12-10,"Swainson's Warbler Migratory Connectivity","SWWA_MC","Determining the migratory routes, wintering grounds, and connectivity of Swainson's Warblers (Limnothlypis swainsonii)",1
362,2020-12-17,"Migration tracking Pozo Colorado – Concepción","MOPC2020","Improving our understanding of migration of landbirds in Paraguay by strategically position Motus towers in the Paraguayan Chaco.",1
363,2020-12-17,"Blackpoll Warbler post-breeding movements","BLPW post-breeding","",NA
364,2020-12-17,"Irruptive species on the move","Irruptive species","",NA
365,2020-12-21,"UK Motus Group","UKMotus","All UK Motus receivers installed pre-2021 and those installed after this not associated with a particular project.",1
366,2020-12-30,"American kestrel monitoring","AMKE","Deploying tags on adults to assess winter survival and chicks to assess movement post-fledging",1
367,2021-01-05,"Tennessee Warblers","Tennessee Warblers","Monitoring within season survival, return rates, and migratory pathways of songbird species of conservation concern",2
368,2021-01-06,"ACR Tomales Bay","ACR Tomales Bay","Monitoring movements of wintering Dunlin on Tomales Bay",1
369,2021-01-20,"Salt Plains NWR","SPNWR","Tower on western edge of salt flats.",NA
370,2021-01-20,"Tall Timbers Research Station Motus Tower ","Tall Timbers ","",1
371,2021-01-26,"TRACKBIRD - Songbird spring migration 2021","TRBSpring21","",1
372,2021-01-26,"Idaho American Kestrel pilot","AMKE pilot","Deploy small number of nanotags on American Kestrels to test reliability of locations for larger studies of dispersal, migration, and survival.",1
373,2021-01-27,"Montreal Connectivity","MTL_connect","Monitor the movements of songbirds within the Grand Parc de l’Ouest to better understand local habitat connectivity",1
374,2021-02-01,"Tag simulations","tagsim","Test project for testing the processing of tag pulses",9
375,2021-02-02,"Post-breeding dispersal of Common Eiders","Fundy Eiders","Female eiders tracked during post-breeding period while attending creches in the Grand Manan Archipelago, Bay of Fundy",3
376,2021-02-03,"Nemours Wildlife Foundation_South Carolina","NemoursSC","MOTUS station operated by Nemours Wildlife Foundation in the ACE Basin, SC.",1
377,2021-02-09,"Desert National Wildlife Refuge Complex Motus","Desert NWRC Motus","Project involves deploying Motus Wildlife Tracking Systems on four National Wildlife Refuges in southern Nevada to support the Western Motus Network.",2
378,2021-02-23,"NE Indiana Migratory Bats","IN Migratory Bats","Small pilot project looking at migratory bats in Indiana, USA",NA
379,2021-02-25,"Helgoland Spring 2021","Helgoland.spr.2021","",1
380,2021-03-04,"Fensore UNB - Swallow Roosting Ecology","Fensore_UNB","Tracking BARS & BANS movement to identify roost sites in Eastern New Brunswick.",1
381,2021-03-08,"Connecting Conservation for Declining Migrants","Flyway Conservation","Tracking habitat and Protected Area connections for Pacific at risk and steeply declining migratory birds to support conservation.",3
382,2021-03-10,"Cavity nesting ducks in the SJR valley of NB","WODU and COGO","Assessing movement distance and pathways of breeding cavity nesting ducks.",1
383,2021-03-11,"Ohio River Islands NWR","ORINWR","Detecting bird and bat movements near Ohio River Islands NWR.",1
384,2021-03-12,"Migratory Birds in Springfield, MA","SpringfieldBirds","Tracking stopover and movements of migratory songbirds using urban forests",1
385,2021-03-15,"LDWF-AAOA","LDWF-AAOA","Passive detection station maintained by the Louisiana Dept. of Wildlife and Fisheries and the Aquarium of the Americas",1
386,2021-03-15,"Smithsonian Northern Great Plains MOTUS","SCBI NGP Motus","A MOTUS tower array and tagging program to study the migratory ecology and demography of imperiled grassland songbirds.",1
387,2021-03-19,"Costa Rica Motus ","CRMotus","Motus stations in Costa Rica",1
388,2021-03-27,"TRACKBIRD - autumn 2021 Helgoland","Add2021","Skylark and Starling spring migration 2021",1
389,2021-03-29,"Pre-migratory Flights in Northern Wheatears","pre-mig flights","In this project, we examine the spatiotemporal patterns of pre-migratory flight in a breeding population of Northern Wheatears in northern Germany.",1
390,2021-03-29,"Atlantic Offshore Wind Pilot ","AOWP","Motus stations and tags deployed for various pilot studies within the Atlantic Offshore Wind Assessment portal.",8
391,2021-03-31,"PROW Migration in Western Lake Erie","PROW_LAKE-ERIE","Spring movements of Prothonotary Warbler through Western Basin of Lake Erie.",1
392,2021-03-31,"VCFS Nesting Project","VCFS Nests","This project involves tagging three primary species that nest in our area (OVEN, REVI and NOWA) in order to monitor nesting location and duration.",1
393,2021-04-01,"Prairie Landbird Monitoring - Canada","Grassland Birds","Examining migratory connectivity between breeding and wintering grounds for grassland birds in North America",3
394,2021-04-07,"Nevada Department of Wildlife","NDOW","Studying movement patterns of bats in a portion of White Pine County, NV",1
395,2021-04-12,"European Robin - Oldenburg - Germany","Robin","Partial migratory behaviour in robins",1
396,2021-04-14,"GA DNR Motus Fall Bat Tracking Project","GA Fall Bat Tracking","GA DNR will attempt to capture and track migratory bats along the coast in October 2021.",2
397,2021-04-16,"University of Wyoming Coop -- Sagebrush songbirds","UWYO - sagebrush","Project including motus stations installed in Pinedale, WY. Brewer's sparrows, sagebrush sparrows, and sage thrashers to be tagged.",1
404,2021-04-20,"American Kestrel migration - C-SWG Northeast Motus Collaboration","Kestrels - MA","Migration of Massachusetts-nesting American Kestrels",2
405,2021-04-21,"TN Wood Thrush","TN WOTH","",1
406,2021-04-22,"Ohio University Avian Movement Ecology","Ohio University","Project will include two Motus towers near Athens Ohio to add to the Motus Network, provide Ohio University students with experience with Motus.",1
407,2021-04-29,"Dominion CVOW Pilot Project Turbine A01","CVOW Turbine A01","One Motus receiver is located on Turbine A01 (north turbine) at the Dominion Coastal Virginia Offshore Wind Pilot Project.",1
408,2021-04-30,"Nelson's Sparrows in Atlantic Canada","NESP","Tracking habitat use of Nelson's Sparrows in dykelands vs. saltmarsh in Atlantic Canada",1
409,2021-05-01,"Monitoring Harrier Field and Erie Landfill at the NJ Meadowlands","Harrier/Erie ","Determine the usefulness of contaminated reclaimed grassland and wetland sites in the New Jersey Meadowlands for migratory and breeding birds",1
410,2021-05-01,"The Effects of Window Strikes on Migratory Routes and Successful Completion of Migration in Passerines","Window Strikes","Comparing window struck but ostensibly recovered migrating birds' migration to that of control birds",1
411,2021-05-01,"Potential Negative Effects of Captive Raising on Migration in Passerines","Captive Raised Young","Tracking the migration of captive-raised birds raised in a rehabilitation setting versus control birds",1
412,2021-05-02,"Myotis californicus roost locations","MCRL","Radio tracking Myotis californicus and Myotis yumanensis to their maternity colony roost sites",1
413,2021-05-04,"Monarchs on the move / monarchs be moving","monarch tracking","We using nanopin tags to understand monarch flight behavior through southern Ontario and around the Great Lakes",3
414,2021-05-10,"Eastern Painted Bunting migratory connectivity","PABU MC","Estimation of migratory connectivity and survival of eastern Painted Buntings",1
415,2021-05-12,"Vmur - The Netherlands","Vmur_NL","Tracking Parti-colored bats in The Netherlands",1
416,2021-05-17,"PARC stopover","PARC stopover","Differential stopover strategies of migrant passerines at Powdermill Avian Research Center",1
417,2021-05-19,"Georgian Bay songbirds","GB","Post-breeding movement and onset of fall migration by songbirds.",1
418,2021-05-20,"UPDE Bats","UPDE Bats","Seasonal movement of little brown bats in the Upper Delaware River corridor",1
419,2021-05-21,"New England Monarch Migration","NE Monarchs","Study of Monarch migration patterns in New England",1
420,2021-05-26,"Manitoba little brown bats","Manitoba Bats","Assessing the movements and habitat use of little brown bats.",1
421,2021-06-04,"Peace Region Collaborative Array","PeaceBCArray","An array of Motus stations designed to support research on bats and birds in the Peace Region in northeastern British Columbia, Canada.",9
422,2021-06-11,"MA Offshore Weather Buoys","MA Offshore Buoys","Weather/Oceanography buoys deployed south of MA",1
423,2021-06-15,"Thick-billed Longspur migration","TBLO migration","Tagging birds on breeding grounds in the NGP.",1
424,2021-06-18,"PUMA-Manitoba-2021","PUMA21","Tagging and tracking of Purple Martins in Manitoba during the breeding season.",1
425,2021-06-19,"MOTUS FUNDAECO GUATEMALA","MOTUS_FUNDAECO_GT","Series of MOTUS stations managed by FUNDAECO in Guatemala",1
426,2021-06-25,"Klamath Bird Observatory","KBO","Various avian projects in southwestern Oregon - currently focused on Oregon Vesper Sparrow and Lewis's Woodpecker",1
427,2021-06-28,"Hanging Rock","HRRO","Data collection at Hanging Rock Raptor Observatory.",1
428,2021-07-02,"Motus Towers at Mono Lake","Mono Motus","Multi-year project to detect phalaropes and other birds at Mono Lake. Motus array consists of three towers to detect around Mono Lake.",1
429,2021-07-04,"IBO Life Tags","IBO Life Tags","2021 pilot year - focused on YBCH, GRCA, WETA, & Catharus thrushes",1
430,2021-07-05,"Intermountain West Collaborative - IBO","IWC- IBO","Intermountain Bird Observatory research tags, as part of the broader Intermountain West Collaboration Motus Project.",1
431,2021-07-23,"Juvenile Red Knot Tracking in the Southeast US","REKN Juveniles in SE","This project aims to understand the movements of juvenile red knots in the southeast US to identify threats they may face.",2
432,2021-07-27,"Save the Cave: Protecting Bats in Bruce Peninsula National Park","BPNP Save the Cave","",1
433,2021-08-02,"Tagging and monitoring migratory animals across the Curonian Spit (Rybachy, Russia)","RYB","",1
434,2021-08-03,"Tracking movement of Northern Saw-whet Owls in Coastal BC","BC NSWO MOTUS","Pilot project to assess movement behaviour of Northern Saw-whet Owls in coastal areas of British Columbia using MOTUS",1
435,2021-08-03,"SLZ Receivers","SLZ Receivers","Receiver deployment at 2 SLZ sites",1
436,2021-08-04,"Red del Sistema de Seguimiento de Vida Silvestre MOTUS en Venezuela","Venezuela Motus","La “Red del Sistema de Seguimiento de Vida Silvestre MOTUS en Venezuela” proporcionará información vital a los científicos, políticos y ciudanos.",1
437,2021-08-06,"Bumble bee queen movement with environmental stressors","bumble bee movement","Assessing how different environmental stressors influence bumble bee queen movement",NA
438,2021-08-16,"TRACKBIRD - Songbird autumn migration 2021","TRB aut 2021","Tracking songbird movements across the German Bight",1
439,2021-08-16,"Motus Polska","Motus Polska","We aim to install MOTUS towers in Poland to increase the detections in the flyway of tagged species from the NE <--> SW.",1
440,2021-08-19,"Beaverhill Lake Monitoring ","BBO","A MOTUS station on an 80' tower on the south shore of Beaverhill Lake, Alberta",1
441,2021-08-25,"Cerulean Warbler Stopover- duration, habitat selection and home range.","CERW Stopover","Studying the stopover duration of Cerulean Warblers (Setophaga cerulea) in Costa Rica, as well as habitat selection and home range.",NA
442,2021-08-26,"Test Project 2","Test Project 2","This is only a test....again",1
443,2021-08-26,"Nashville Zoo at Grassmere","Nashville Zoo","General Listening Station",1
444,2021-08-26,"Bats in Mount Rainier Nation Park","mountRainierBats","",NA
445,2021-09-02,"Iowa DNR Motus Network","IA DNR","Motus projects managed by the Iowa Department of Natural Resources",1
446,2021-09-02,"California Department of Fish and Wildlife Motus","CDFW Motus","Network of Motus stations installed by the California Department of Fish and Wildlife to support multiple species tracking projects.",1
447,2021-09-03,"Dominion CVOW Pilot Project Turbine A02","CVOW Turbine A02","One Motus receiver is located on Turbine A02 (south turbine) at the Dominion Coastal Virginia Offshore Wind Pilot Project.",NA
448,2021-09-06,"South-West England Motus Project","MotusSW","Bat and bird monitoring in south-west England",1
449,2021-09-07,"UPDE Bats - Wildcat","UPDE Bats - Wildcat","Seasonal movement of little brown bats in the Upper Delaware River corridor",1
450,2021-09-08,"Intermountain West Collaborative - Sharp-tailed Grouse Project","IWC - STGR","Intermountain West Collaborative is hosting the Sharp-tailed Grouse Motus project",1
451,2021-09-08,"Monarch Migratory Pathways Through Southern Ontario 2021","Monarch S.ON 2021","",1
452,2021-09-18,"Western Upper Peninsula Migration Project ","UP Migration","Combining multiple sources of data to understand the migratory ecology of birds in Michigan's Upper Peninsula.",1
